Name,Phone,Email
Alice Smith,555-1001,alice.smith@example.com
Bob Johnson,555-1002,bob.johnson@example.com
Charlie Brown,555-1003,charlie.brown@example.com
Diana Miller,555-1004,diana.miller@example.com
Eve Davis,555-1005,eve.davis@example.com
Frank White,555-1006,frank.white@example.com
Grace Green,555-1007,grace.green@example.com
Henry Black,555-1008,henry.black@example.com
Ivy Lee,555-1009,ivy.lee@example.com
Jack Taylor,555-1010,jack.taylor@example.com
Karen Adams,555-1011,karen.adams@example.com
Liam Scott,555-1012,liam.scott@example.com
Mia King,555-1013,mia.king@example.com
Noah Wright,555-1014,noah.wright@example.com
Olivia Hall,555-1015,olivia.hall@example.com
Peter Clark,555-1016,peter.clark@example.com
Quinn Lewis,555-1017,quinn.lewis@example.com
Rachel Young,555-1018,rachel.young@example.com
Sam Baker,555-1019,sam.baker@example.com
Tina Nelson,555-1020,tina.nelson@example.com
Uma Carter,555-1021,uma.carter@example.com
Victor Hill,555-1022,victor.hill@example.com
Wendy Parker,555-1023,wendy.parker@example.com
Xavier Ross,555-1024,xavier.ross@example.com
Yara Turner,555-1025,yara.turner@example.com
Zane Murphy,555-1026,zane.murphy@example.com
Anna Evans,555-1027,anna.evans@example.com
Ben Foster,555-1028,ben.foster@example.com
Chloe Gomez,555-1029,chloe.gomez@example.com
David Ward,555-1030,david.ward@example.com
Emma Bell,555-1031,emma.bell@example.com
Finn Cooper,555-1032,finn.cooper@example.com
